start_s	end_s	start_raw_frame	end_raw_frame
8.892860	11.823840	267	354
14.255221	15.887244	429	477
16.886442	18.418546	508	553
19.084677	21.249606	573	638
25.612769	27.144873	769	814
29.476334	30.542145	886	916
34.638856	35.638054	1041	1070
40.833882	41.599934	1226	1249
44.564220	45.829871	1338	1376
53.723533	54.989184	1613	1651
62.016875	63.282525	1863	1899
70.243603	71.342721	2109	2141
74.606767	76.405323	2241	2294
80.468727	81.834297	2417	2456
90.360785	91.293369	2713	2740
94.024510	97.821461	2823	2936
